Address,City,State,Zip
827 E 26th Ave,New Smyrna Beach,FL,32169
520 Aeolian Dr,New Smyrna Beach,FL,32168
522 Aeolian Dr,New Smyrna Beach,FL,32168
526 Aeolian Dr,New Smyrna Beach,FL,32168
530 Aeolian Dr,New Smyrna Beach,FL,32168
549 Aeolian Dr,New Smyrna Beach,FL,32168
554 Aeolian Dr,New Smyrna Beach,FL,32168
605 Aeolian Dr,New Smyrna Beach,FL,32168
305 Bayberry Lakes Blvd,Daytona Beach,FL,32124
325 Bayberry Lakes Blvd,Daytona Beach,FL,32124
401 Bayberry Lakes Blvd,Daytona Beach,FL,32124
449 Bayberry Lakes Blvd,Daytona Beach,FL,32124
465 Bayberry Lakes Blvd,Daytona Beach,FL,32124
45 E Bayshore Dr,Port Orange,FL,32127
236 Birkdale Dr,Daytona Beach,FL,32124
3891 Bourbon St,Port Orange,FL,32129
3897 Bourbon St,Port Orange,FL,32129
1738 Cakebread Ct,Port Orange,FL,32128
65 Calumet Ave,Ponce Inlet,FL,32127
1933 Canadair Ct,Port Orange,FL,32128
3352 Caterina Dr,New Smyrna Beach,FL,32168
3365 Caterina Dr,New Smyrna Beach,FL,32168
3369 Caterina Dr,New Smyrna Beach,FL,32168
286 Catriona Dr,Daytona Beach,FL,32124
1185 Champions Dr,Daytona Beach,FL,32124
5347 Coquina Shores Ln,Port Orange,FL,32128
5303 Cordgrass Bend Ln,Port Orange,FL,32128
3332 Country Manor Dr,South Daytona,FL,32119
3369 Country Manor Dr,South Daytona,FL,32119
3404 Country Manor Dr,South Daytona,FL,32119
1847 Creekwater Blvd,Port Orange,FL,32128
2009 Debbie St,New Smyrna Beach,FL,32168
1019 Dillon Cir,New Smyrna Beach,FL,32168
316 Due East St,New Smyrna Beach,FL,32169
2003 Dune Cir,New Smyrna Beach,FL,32169
622 Glen Cir,New Smyrna Beach,FL,32168
641 Glen Cir,New Smyrna Beach,FL,32168
226 Golf Club Dr,New Smyrna Beach,FL,32168
397 N Goodwin St,Lake Helen,FL,32744
30 N Halifax Ave,Daytona Beach,FL,32118
2302 Hill St,New Smyrna Beach,FL,32169
116 Huckleberry Branch Ct,Daytona Beach,FL,32124
129 Huckleberry Branch Ct,Daytona Beach,FL,32124
133 Huckleberry Branch Ct,Daytona Beach,FL,32124
1081 Indian Lake Rd,Daytona Beach,FL,32124
307 Jessamine Ave,New Smyrna Beach,FL,32169
411 Jessamine Ave,New Smyrna Beach,FL,32169
777 Kentucky St,Daytona Beach,FL,32114
2008 King Air Ct,Port Orange,FL,32128
155 N Lakeview Dr,Lake Helen,FL,32744
1931 Lismore Ct,New Smyrna Beach,FL,32168
3361 W Locanda Cir,New Smyrna Beach,FL,32168
3371 W Locanda Cir,New Smyrna Beach,FL,32168
124 Logenberry Ct,Daytona Beach,FL,32124
125 Logenberry Ct,Daytona Beach,FL,32124
128 Logenberry Ct,Daytona Beach,FL,32124
550 Luna Bella Ln,New Smyrna Beach,FL,32168
553 Luna Bella Ln,New Smyrna Beach,FL,32168
554 Luna Bella Ln,New Smyrna Beach,FL,32168
555 Luna Bella Ln,New Smyrna Beach,FL,32168
800 Maple St,New Smyrna Beach,FL,32169
802 Maralyn Ave,New Smyrna Beach,FL,32169
804 Maralyn Ave,New Smyrna Beach,FL,32169
806 Maralyn Ave,New Smyrna Beach,FL,32169
2533 Meadow Creek Ln,New Smyrna Beach,FL,32168
3363 Medici Blvd,New Smyrna Beach,FL,32168
534 Mount Olympus Blvd,New Smyrna Beach,FL,32168
537 Mount Olympus Blvd,New Smyrna Beach,FL,32168
540 Mount Olympus Blvd,New Smyrna Beach,FL,32168
542 Mount Olympus Blvd,New Smyrna Beach,FL,32168
546 Mount Olympus Blvd,New Smyrna Beach,FL,32168
548 Mount Olympus Blvd,New Smyrna Beach,FL,32168
550 Mount Olympus Blvd,New Smyrna Beach,FL,32168
551 Mount Olympus Blvd,New Smyrna Beach,FL,32168
605 Mura Ct,New Smyrna Beach,FL,32168
803 Oakwood Ave,New Smyrna Beach,FL,32169
2056 Old Daytona Rd,Port Orange,FL,32128
2682 Old Smyrna Trl,New Smyrna Beach,FL,32168
2825 Osprey Cove Dr,New Smyrna Beach,FL,32168
414 S Palmetto Ave,Daytona Beach,FL,32114
5335 Peach Blossom Blvd,Port Orange,FL,32128
5337 Peach Blossom Blvd,Port Orange,FL,32128
5343 Peach Blossom Blvd,Port Orange,FL,32128
5351 Peach Blossom Blvd,Port Orange,FL,32128
409 S Peninsula Ave,New Smyrna Beach,FL,32169
418 S Peninsula Ave,New Smyrna Beach,FL,32169
2410 S Peninsula Dr,Daytona Beach,FL,32118
3160 S Peninsula Dr,Daytona Beach,FL,32118
4041 S Peninsula Dr,Port Orange,FL,32127
5250 Plantation Home Way,Port Orange,FL,32128
5251 Plantation Home Way,Port Orange,FL,32128
5253 Plantation Home Way,Port Orange,FL,32128
5285 Plantation Home Way,Port Orange,FL,32128
5287 Plantation Home Way,Port Orange,FL,32128
5293 Plantation Home Way,Port Orange,FL,32128
5295 Plantation Home Way,Port Orange,FL,32128
124 Ponce De Leon Cir,Ponce Inlet,FL,32127
329 Powerline Rd,New Smyrna Beach,FL,32168
135 Reef Rd,South Daytona,FL,32119
3325 Rosa Ave,New Smyrna Beach,FL,32168
909 Sandra St,Port Orange,FL,32127
2706 Sparta Dr,New Smyrna Beach,FL,32168
2708 Sparta Dr,New Smyrna Beach,FL,32168
2712 Sparta Dr,New Smyrna Beach,FL,32168
133 Springberry Ct,Daytona Beach,FL,32124
137 Springberry Ct,Daytona Beach,FL,32124
145 Springberry Ct,Daytona Beach,FL,32124
188 Spruce St,New Smyrna Beach,FL,32168
192 Spruce St,New Smyrna Beach,FL,32168
3847 Sunset Cove Dr,Port Orange,FL,32129
3852 Sunset Cove Dr,Port Orange,FL,32129
3899 Sunset Cove Dr,Port Orange,FL,32129
3909 Sunset Cove Dr,Port Orange,FL,32129
3913 Sunset Cove Dr,Port Orange,FL,32129
3922 Sunset Cove Dr,Port Orange,FL,32129
3923 Sunset Cove Dr,Port Orange,FL,32129
3933 Sunset Cove Dr,Port Orange,FL,32129
3934 Sunset Cove Dr,Port Orange,FL,32129
3939 Sunset Cove Dr,Port Orange,FL,32129
3943 Sunset Cove Dr,Port Orange,FL,32129
3952 Sunset Cove Dr,Port Orange,FL,32129
3953 Sunset Cove Dr,Port Orange,FL,32129
3960 Sunset Cove Dr,Port Orange,FL,32129
3964 Sunset Cove Dr,Port Orange,FL,32129
1984 Teague St,Daytona Beach,FL,32119
3375 Tesoro Cir,New Smyrna Beach,FL,32168
100 Thornberry Branch Ln,Daytona Beach,FL,32124
108 Thornberry Branch Ln,Daytona Beach,FL,32124
113 Thornberry Branch Ln,Daytona Beach,FL,32124
204 Thornberry Branch Ln,Daytona Beach,FL,32124
225 Thornberry Branch Ln,Daytona Beach,FL,32124
229 Thornberry Branch Ln,Daytona Beach,FL,32124
232 Thornberry Branch Ln,Daytona Beach,FL,32124
257 Thornberry Branch Ln,Daytona Beach,FL,32124
261 Thornberry Branch Ln,Daytona Beach,FL,32124
265 Thornberry Branch Ln,Daytona Beach,FL,32124
269 Thornberry Branch Ln,Daytona Beach,FL,32124
273 Thornberry Branch Ln,Daytona Beach,FL,32124
525 S Timberlane Dr,New Smyrna Beach,FL,32168
137 Via Capri,New Smyrna Beach,FL,32169
6845 Vintage Ln,Port Orange,FL,32128
6961 Vintage Ln,Port Orange,FL,32128
209 Warren Ave,New Smyrna Beach,FL,32168
1764 Weeping Elm Cir,Port Orange,FL,32128
1771 Weeping Elm Cir,Port Orange,FL,32128
1773 Weeping Elm Cir,Port Orange,FL,32128
S Williamson Blvd,Port Orange,FL,32128
814 Wingate Trl,Port Orange,FL,32128
818 Wingate Trl,Port Orange,FL,32128
942 Wingate Trl,Port Orange,FL,32128
